PassengerId,Survived,Pclass,Name,Sex,Age,SibSp,Parch,Fare,Embarked,FamilySize,IsAlone,SurvivalLabel
1,0,1,"Walker, Mr. John",male,36,1,0,51.16,S,2,0,No
2,1,1,"Wilson, Miss. Sarah",female,12,1,0,80.43,S,2,0,Yes
3,1,3,"Brown, Miss. Anna",female,1,1,2,11.34,S,4,0,Yes
4,0,1,"Brown, Miss. Grace",female,45,2,0,98.38,S,3,0,No
5,0,3,"Brown, Miss. Elizabeth",female,80,2,2,7.88,S,5,0,No
6,1,2,"Brown, Mr. Joseph",male,59,2,0,24.25,S,3,0,Yes
7,0,3,"Walker, Mr. George",male,32,1,1,10.69,Q,3,0,No
8,1,3,"Wilson, Miss. Sarah",female,8,1,0,17.08,S,2,0,Yes
9,1,3,"Hall, Miss. Clara",female,59,1,1,7.09,C,3,0,Yes
10,1,2,"Clark, Mrs. Florence",female,18,3,0,33.89,C,4,0,Yes
11,0,2,"Brown, Mr. Robert",male,77,3,2,21.29,S,6,0,No
12,0,3,"Walker, Miss. Emma",female,44,0,1,11.52,S,2,0,No
13,0,3,"Walker, Mr. James",male,39,1,0,10.61,S,2,0,No
14,1,2,"Brown, Mrs. Sarah",female,15,2,1,20.99,S,4,0,Yes
15,1,3,"Walker, Mr. Joseph",male,69,1,0,14.9,Q,2,0,Yes
16,1,3,"Walker, Miss. Sarah",female,70,1,2,9.68,Q,4,0,Yes
17,1,2,"Brown, Mr. James",male,9,2,0,29.71,S,3,0,Yes
18,1,1,"Walker, Mr. William",male,5,2,0,81.13,S,3,0,Yes
19,1,2,"Lewis, Miss. Mary",female,61,3,0,17.36,S,4,0,Yes
20,1,1,"Taylor, Mr. Charles",male,44,0,0,55.33,S,1,1,Yes
21,1,2,"Brown, Mrs. Elizabeth",female,10,3,2,17.45,S,6,0,Yes
22,1,2,"Clark, Mr. Charles",male,62,1,1,37.56,S,3,0,Yes
23,1,2,"White, Mrs. Mary",female,72,3,0,19.75,S,4,0,Yes
24,1,3,"Hall, Mr. John",male,65,1,0,19.41,S,2,0,Yes
25,0,2,"Hall, Mr. Joseph",male,73,1,2,29.86,S,4,0,No
26,1,3,"White, Miss. Anna",female,27,2,0,8.98,S,3,0,Yes
27,1,2,"White, Mr. John",male,73,0,0,28.44,S,1,1,Yes
28,0,2,"Walker, Mr. James",male,21,3,2,32.59,S,6,0,No
29,1,3,"Johnson, Miss. Florence",female,14,1,1,6.73,S,3,0,Yes
30,0,3,"Brown, Mr. Edward",male,27,2,2,12.33,Q,5,0,No
31,1,1,"Walker, Miss. Mary",female,43,1,2,118.38,S,4,0,Yes
32,1,1,"Johnson, Mr. Henry",male,20,0,1,86.6,S,2,0,Yes
33,0,3,"Clark, Mr. Joseph",male,27,1,2,6.54,C,4,0,No
34,0,3,"White, Mr. Edward",male,31,1,0,18.22,S,2,0,No
35,0,2,"Lewis, Mr. Henry",male,14,3,0,36.46,S,4,0,No
36,1,3,"Johnson, Mrs. Alice",female,30,1,0,14.9,S,2,0,Yes
37,1,3,"Smith, Miss. Anna",female,69,2,0,6.73,Q,3,0,Yes
38,0,2,"Johnson, Mrs. Mary",female,41,3,2,39.61,S,6,0,No
39,0,1,"Brown, Miss. Margaret",female,69,1,1,74.5,Q,3,0,No
40,1,3,"Taylor, Miss. Florence",female,42,3,2,9.43,S,6,0,Yes
41,1,2,"Lewis, Miss. Sarah",female,1,2,1,20.25,C,4,0,Yes
42,1,3,"Brown, Miss. Elizabeth",female,66,3,2,7.55,S,6,0,Yes
43,1,2,"Lewis, Mrs. Clara",female,26,1,0,16.16,Q,2,0,Yes
44,1,3,"Brown, Mr. Edward",male,50,3,1,8.66,S,5,0,Yes
45,1,1,"Taylor, Mr. Thomas",male,67,3,0,84.59,Q,4,0,Yes
46,0,3,"Johnson, Miss. Elizabeth",female,57,3,2,11.69,S,6,0,No
47,0,3,"Johnson, Mrs. Alice",female,67,3,2,8.59,S,6,0,No
48,1,3,"Clark, Mrs. Clara",female,11,1,0,8.47,S,2,0,Yes
49,0,3,"Hall, Mrs. Clara",female,54,0,0,17.49,S,1,1,No
50,1,1,"Lewis, Mrs. Elizabeth",female,46,2,1,108.28,Q,4,0,Yes
51,1,2,"Taylor, Miss. Florence",female,4,3,1,31.72,C,5,0,Yes
52,0,3,"Smith, Mr. Charles",male,76,0,0,14.64,S,1,1,No
53,0,2,"Johnson, Miss. Anna",female,59,2,1,34.03,S,4,0,No
54,0,1,"Smith, Mrs. Elizabeth",female,70,0,1,57.94,S,2,0,No
55,0,3,"Wilson, Mr. Thomas",male,80,1,0,6.89,S,2,0,No
56,1,3,"Hall, Miss. Clara",female,22,0,0,19.47,S,1,1,Yes
57,1,3,"Hall, Miss. Anna",female,26,0,2,15.36,S,3,0,Yes
58,0,2,"Lewis, Mr. John",male,55,2,0,27.65,S,3,0,No
59,0,3,"Lewis, Miss. Clara",female,59,1,1,7.64,S,3,0,No
60,1,2,"White, Miss. Mary",female,32,0,1,37.04,S,2,0,Yes
61,1,3,"Walker, Miss. Mary",female,24,3,0,10.32,S,4,0,Yes
62,0,1,"Lewis, Mr. Thomas",male,53,3,2,100.65,S,6,0,No
63,1,1,"Walker, Mr. Robert",male,29,3,2,59.46,S,6,0,Yes
64,1,2,"Wilson, Mrs. Alice",female,71,2,1,32.57,S,4,0,Yes
65,0,3,"Walker, Mr. Joseph",male,24,1,0,16.08,S,2,0,No
66,0,3,"Johnson, Mrs. Mary",female,25,2,0,10.41,S,3,0,No
67,0,3,"Lewis, Mr. Henry",male,17,3,0,18.09,S,4,0,No
68,1,3,"Smith, Mr. William",male,33,3,0,17.33,S,4,0,Yes
69,0,3,"Hall, Mr. George",male,39,0,0,6.78,C,1,1,No
70,1,2,"Wilson, Mrs. Elizabeth",female,57,2,2,39.75,S,5,0,Yes
71,1,3,"Johnson, Miss. Mary",female,21,1,0,13.28,S,2,0,Yes
72,0,2,"Hall, Mr. George",male,37,3,0,32.18,Q,4,0,No
73,1,1,"Hall, Miss. Florence",female,29,1,1,106.13,S,3,0,Yes
74,1,2,"Brown, Miss. Florence",female,60,2,2,25.06,S,5,0,Yes
75,0,3,"Hall, Mr. Joseph",male,42,2,0,6.37,Q,3,0,No
76,0,3,"Taylor, Mr. Joseph",male,35,0,0,12.06,S,1,1,No
77,0,3,"White, Mrs. Clara",female,63,0,1,10.22,S,2,0,No
78,1,2,"Walker, Miss. Mary",female,52,0,1,17.2,S,2,0,Yes
79,0,2,"Johnson, Mrs. Grace",female,25,2,2,33.91,S,5,0,No
80,0,3,"Taylor, Mr. Charles",male,57,3,0,5.43,S,4,0,No
81,0,3,"Lewis, Mr. Charles",male,12,1,0,11.92,S,2,0,No
82,1,2,"Brown, Mrs. Margaret",female,62,3,0,26.42,S,4,0,Yes
83,1,2,"Taylor, Miss. Sarah",female,65,2,0,22.07,S,3,0,Yes
84,0,2,"Hall, Mrs. Clara",female,71,3,1,38.32,C,5,0,No
85,0,3,"Clark, Mr. William",male,53,0,1,16.17,C,2,0,No
86,1,3,"Smith, Miss. Emma",female,17,2,0,18.11,S,3,0,Yes
87,1,3,"Brown, Miss. Alice",female,20,0,1,16.72,S,2,0,Yes
88,0,3,"Brown, Mrs. Clara",female,63,0,2,6.03,S,3,0,No
89,1,3,"Smith, Mr. Charles",male,13,3,0,15.41,Q,4,0,Yes
90,1,2,"Brown, Mrs. Florence",female,19,1,2,25.3,S,4,0,Yes
91,1,3,"Smith, Miss. Sarah",female,31,3,2,7.15,S,6,0,Yes
92,1,3,"Johnson, Miss. Sarah",female,21,0,1,19.18,Q,2,0,Yes
93,1,1,"Smith, Miss. Clara",female,50,3,0,58.98,S,4,0,Yes
94,1,1,"Wilson, Mrs. Florence",female,7,3,1,102.06,S,5,0,Yes
95,1,3,"Taylor, Miss. Anna",female,18,0,2,14.7,S,3,0,Yes
96,0,2,"Taylor, Miss. Margaret",female,54,1,0,18.3,S,2,0,No
97,0,3,"Clark, Mrs. Grace",female,38,2,0,12.02,S,3,0,No
98,1,1,"Hall, Miss. Clara",female,51,0,1,82.93,S,2,0,Yes
99,1,1,"Brown, Mrs. Sarah",female,30,3,0,89.56,Q,4,0,Yes
100,1,3,"Wilson, Mrs. Grace",female,15,1,0,19.19,S,2,0,Yes
101,0,2,"Brown, Mr. Thomas",male,48,3,2,33.56,S,6,0,No
102,0,3,"Brown, Miss. Alice",female,36,0,2,10.56,S,3,0,No
103,1,1,"Hall, Mrs. Mary",female,36,1,0,115.92,C,2,0,Yes
104,0,3,"Hall, Mr. George",male,32,1,2,8.08,C,4,0,No
105,1,2,"Johnson, Mr. William",male,19,0,1,36.46,S,2,0,Yes
106,0,3,"Smith, Mr. William",male,4,1,0,10.37,C,2,0,No
107,1,1,"Lewis, Mrs. Grace",female,54,0,2,45.08,S,3,0,Yes
108,0,3,"Clark, Mr. Edward",male,6,2,1,14.65,S,4,0,No
109,1,2,"Hall, Mr. Joseph",male,57,0,0,23.05,S,1,1,Yes
110,0,2,"Walker, Mrs. Elizabeth",female,77,2,1,27.64,S,4,0,No
111,1,2,"Clark, Miss. Alice",female,30,3,1,35.69,S,5,0,Yes
112,1,2,"Taylor, Miss. Grace",female,20,3,0,17.28,S,4,0,Yes
113,0,3,"Clark, Mr. James",male,72,2,2,6.83,S,5,0,No
114,1,3,"White, Mrs. Grace",female,46,0,2,12.61,S,3,0,Yes
115,1,1,"Hall, Mrs. Margaret",female,36,1,1,107.61,Q,3,0,Yes
116,0,1,"Clark, Mr. John",male,40,2,1,40.49,C,4,0,No
117,0,3,"Taylor, Mr. Henry",male,4,0,2,12.96,S,3,0,No
118,1,3,"Johnson, Mrs. Sarah",female,73,0,0,7.33,C,1,1,Yes
119,1,2,"Johnson, Mrs. Florence",female,57,3,1,20.39,S,5,0,Yes
120,1,3,"Wilson, Miss. Emma",female,40,0,0,10.93,S,1,1,Yes
121,1,2,"Walker, Mrs. Grace",female,16,0,1,33.68,S,2,0,Yes
122,1,1,"Hall, Miss. Clara",female,6,3,0,76.78,S,4,0,Yes
123,1,2,"Brown, Miss. Clara",female,52,0,1,19.3,Q,2,0,Yes
124,0,2,"Wilson, Mr. Henry",male,76,3,2,16.97,C,6,0,No
125,0,1,"Taylor, Mr. George",male,15,1,1,68.09,Q,3,0,No
126,1,1,"Lewis, Mr. Thomas",male,26,1,2,52.23,C,4,0,Yes
127,1,3,"Johnson, Miss. Florence",female,73,2,2,9.74,S,5,0,Yes
128,0,2,"Brown, Mr. John",male,10,2,1,26.3,S,4,0,No
129,1,2,"Walker, Miss. Emma",female,71,0,1,37.73,S,2,0,Yes
130,0,2,"Lewis, Mr. Robert",male,44,0,2,31.15,S,3,0,No
131,1,2,"White, Mr. John",male,37,3,1,34.36,S,5,0,Yes
132,0,1,"White, Mrs. Anna",female,50,2,1,97.9,S,4,0,No
133,0,3,"Clark, Mr. Henry",male,40,3,0,13.93,Q,4,0,No
134,1,3,"Johnson, Mr. William",male,68,0,2,15.06,S,3,0,Yes
135,1,2,"Brown, Mr. Robert",male,63,1,0,40,S,2,0,Yes
136,0,3,"Hall, Mr. William",male,80,1,2,10.65,S,4,0,No
137,1,1,"Walker, Mrs. Elizabeth",female,47,1,1,88.85,C,3,0,Yes
138,1,3,"Clark, Miss. Grace",female,61,1,1,15.17,S,3,0,Yes
139,1,3,"Walker, Mrs. Anna",female,26,1,1,5.78,S,3,0,Yes
140,1,1,"Lewis, Mrs. Alice",female,21,2,1,112.42,S,4,0,Yes
141,1,2,"White, Mr. John",male,51,2,0,24.65,S,3,0,Yes
142,0,3,"Lewis, Miss. Florence",female,18,0,1,18.76,S,2,0,No
143,0,3,"Walker, Mr. Edward",male,3,2,0,17.52,S,3,0,No
144,0,3,"Lewis, Mr. John",male,31,2,0,5.72,S,3,0,No
145,1,3,"Clark, Mr. James",male,64,0,2,12.73,S,3,0,Yes
146,1,2,"Clark, Mrs. Sarah",female,54,1,2,31.71,S,4,0,Yes
147,0,3,"Brown, Mr. Joseph",male,48,2,2,5.24,C,5,0,No
148,1,1,"Taylor, Miss. Emma",female,46,2,2,54.01,C,5,0,Yes
149,0,3,"White, Mr. Charles",male,59,0,1,8.02,C,2,0,No
150,1,3,"White, Mrs. Margaret",female,70,3,1,5.55,S,5,0,Yes
151,0,3,"Taylor, Mr. Thomas",male,56,3,2,11.6,Q,6,0,No
152,1,2,"Walker, Mrs. Margaret",female,67,2,0,33.18,S,3,0,Yes
153,1,1,"White, Miss. Sarah",female,42,2,1,75.67,C,4,0,Yes
154,1,3,"Clark, Mr. Henry",male,46,3,1,14.59,C,5,0,Yes
155,0,3,"White, Mr. Edward",male,19,3,0,6.89,S,4,0,No
156,1,3,"White, Mr. Edward",male,58,2,1,11.66,S,4,0,Yes
157,1,3,"Johnson, Mrs. Margaret",female,32,0,0,16.04,S,1,1,Yes
158,1,2,"Lewis, Mrs. Emma",female,79,2,2,37.91,S,5,0,Yes
159,0,3,"Taylor, Mrs. Alice",female,41,2,2,5.97,S,5,0,No
160,0,1,"White, Mr. Thomas",male,26,1,0,103.23,S,2,0,No
161,0,3,"Clark, Mr. Edward",male,12,0,1,10.97,C,2,0,No
162,1,1,"Walker, Mr. Joseph",male,41,0,1,77.27,S,2,0,Yes
163,1,3,"Taylor, Mr. Charles",male,17,3,2,18.66,S,6,0,Yes
164,1,1,"Walker, Mr. Charles",male,29,2,2,111.59,C,5,0,Yes
165,0,3,"Taylor, Mr. Joseph",male,79,0,2,14.61,S,3,0,No
166,0,3,"Wilson, Miss. Florence",female,73,0,0,6.22,Q,1,1,No
167,1,3,"Clark, Mrs. Margaret",female,4,3,2,13.18,S,6,0,Yes
168,1,1,"White, Mrs. Alice",female,8,1,1,73.25,S,3,0,Yes
169,1,3,"Lewis, Miss. Elizabeth",female,17,2,2,13.42,S,5,0,Yes
170,0,1,"White, Mr. Joseph",male,38,3,2,73.45,Q,6,0,No
171,1,1,"Clark, Mrs. Grace",female,21,3,2,77.35,C,6,0,Yes
172,0,3,"Johnson, Miss. Grace",female,28,2,0,5.76,S,3,0,No
173,0,3,"Clark, Mr. James",male,56,1,1,15.91,C,3,0,No
174,1,2,"Hall, Mr. Joseph",male,37,0,1,27.61,C,2,0,Yes
175,0,1,"Taylor, Mr. George",male,13,3,1,103.59,S,5,0,No
176,1,3,"Hall, Mrs. Grace",female,6,0,0,15.7,C,1,1,Yes
177,0,2,"Hall, Mr. Henry",male,79,2,0,24.82,S,3,0,No
178,0,3,"Smith, Miss. Florence",female,39,3,0,10.53,S,4,0,No
179,1,2,"Taylor, Miss. Elizabeth",female,75,1,2,16.28,S,4,0,Yes
180,0,3,"Wilson, Mr. Edward",male,15,1,0,11.62,S,2,0,No
181,1,3,"White, Miss. Emma",female,8,1,2,8.11,S,4,0,Yes
182,1,3,"Hall, Miss. Sarah",female,44,2,2,16.58,C,5,0,Yes
183,0,3,"Wilson, Mr. Thomas",male,36,2,0,19.12,Q,3,0,No
184,1,2,"White, Miss. Emma",female,72,2,1,18.05,S,4,0,Yes
185,1,1,"Walker, Miss. Margaret",female,11,2,1,92.48,C,4,0,Yes
186,1,1,"Wilson, Mr. James",male,76,1,0,44.06,Q,2,0,Yes
187,0,2,"Taylor, Mr. Edward",male,61,0,2,34.27,S,3,0,No
188,0,2,"Walker, Mrs. Mary",female,26,2,1,22.14,S,4,0,No
189,0,2,"Johnson, Mr. James",male,23,0,1,34.7,S,2,0,No
190,0,2,"Lewis, Mr. William",male,78,0,1,22.11,Q,2,0,No
191,1,2,"White, Mrs. Margaret",female,15,2,0,33.28,S,3,0,Yes
192,1,1,"Taylor, Mr. Thomas",male,52,3,2,66.23,S,6,0,Yes
193,0,3,"Hall, Miss. Florence",female,1,2,1,8.53,C,4,0,No
194,1,2,"Walker, Mr. Charles",male,47,1,0,31.69,S,2,0,Yes
195,0,3,"Lewis, Mr. Joseph",male,38,2,2,8.31,Q,5,0,No
196,0,2,"Walker, Mrs. Sarah",female,71,3,2,35.05,C,6,0,No
197,1,1,"Taylor, Mrs. Alice",female,73,0,0,106.3,Q,1,1,Yes
198,1,1,"Walker, Mrs. Clara",female,27,3,0,111.91,S,4,0,Yes
199,1,3,"Wilson, Mrs. Florence",female,72,3,2,17.1,C,6,0,Yes
200,1,1,"Lewis, Mr. James",male,45,0,2,119.53,Q,3,0,Yes
201,0,2,"Clark, Miss. Anna",female,18,3,1,39.82,S,5,0,No
202,1,3,"Wilson, Mr. James",male,45,0,0,19.89,S,1,1,Yes
203,0,3,"Taylor, Mr. Charles",male,60,3,2,10.69,S,6,0,No
204,0,3,"Smith, Mr. George",male,15,0,2,11.29,C,3,0,No
205,1,1,"Smith, Mr. Edward",male,77,0,1,87.82,C,2,0,Yes
206,0,2,"Hall, Miss. Florence",female,28,0,0,27.6,S,1,1,No
207,0,2,"Clark, Mrs. Grace",female,19,1,1,22.51,S,3,0,No
208,1,1,"Taylor, Miss. Grace",female,45,3,2,65.5,S,6,0,Yes
209,1,2,"Clark, Miss. Grace",female,29,2,2,18.61,S,5,0,Yes
210,0,2,"Brown, Mr. Robert",male,33,1,1,31.17,Q,3,0,No
211,0,1,"Walker, Mr. George",male,49,0,0,55.05,C,1,1,No
212,1,2,"Wilson, Miss. Florence",female,43,2,0,20.3,S,3,0,Yes
213,0,2,"Johnson, Mr. Henry",male,31,2,1,24.52,S,4,0,No
214,1,2,"Taylor, Mrs. Mary",female,61,2,0,24.27,S,3,0,Yes
215,1,3,"Lewis, Mrs. Grace",female,75,3,1,7.29,S,5,0,Yes
216,1,2,"Taylor, Miss. Grace",female,63,3,1,19.21,C,5,0,Yes
217,1,3,"Taylor, Mr. James",male,10,0,0,11.19,C,1,1,Yes
218,0,3,"Lewis, Mr. James",male,48,0,2,14.57,Q,3,0,No
219,0,3,"Smith, Mr. Robert",male,53,0,0,12.94,S,1,1,No
220,1,3,"White, Miss. Margaret",female,23,0,0,12.87,S,1,1,Yes
221,1,1,"Smith, Mrs. Anna",female,52,3,2,59.46,S,6,0,Yes
222,1,2,"White, Miss. Florence",female,71,3,0,30.92,C,4,0,Yes
223,0,3,"Johnson, Mr. James",male,6,1,0,18.52,S,2,0,No
224,0,3,"Hall, Mr. William",male,36,0,0,18.93,S,1,1,No
225,1,3,"Clark, Miss. Emma",female,39,1,2,8.61,C,4,0,Yes
226,0,3,"Hall, Mr. Joseph",male,45,0,0,11.56,C,1,1,No
227,1,3,"Walker, Miss. Clara",female,42,0,2,9.1,Q,3,0,Yes
228,1,1,"Brown, Mrs. Margaret",female,75,3,0,101.77,S,4,0,Yes
229,0,2,"Lewis, Mr. Henry",male,20,3,1,24.02,S,5,0,No
230,1,1,"Brown, Mrs. Alice",female,12,1,1,75.91,S,3,0,Yes
231,1,3,"Walker, Mr. George",male,42,3,0,9.38,S,4,0,Yes
232,1,3,"Clark, Mr. Charles",male,22,1,1,9.52,S,3,0,Yes
233,1,2,"Lewis, Mrs. Anna",female,10,2,1,38.61,C,4,0,Yes
234,0,2,"Clark, Mr. Joseph",male,51,2,2,24.5,C,5,0,No
235,0,2,"Johnson, Mr. Thomas",male,78,1,1,22.85,Q,3,0,No
236,0,2,"Walker, Mr. William",male,36,3,1,17.85,S,5,0,No
237,1,3,"Clark, Mr. Thomas",male,60,1,1,16.97,C,3,0,Yes
238,0,3,"Lewis, Mr. Joseph",male,31,2,2,7.31,S,5,0,No
239,0,3,"Brown, Mrs. Elizabeth",female,69,3,2,5.55,Q,6,0,No
240,1,1,"Clark, Miss. Anna",female,79,0,2,118.69,S,3,0,Yes
241,0,1,"Walker, Mr. William",male,29,1,1,69.93,S,3,0,No
242,1,3,"White, Mrs. Margaret",female,62,0,1,11.24,Q,2,0,Yes
243,1,2,"Brown, Miss. Margaret",female,27,3,1,26.9,S,5,0,Yes
244,1,3,"Wilson, Mr. Robert",male,15,0,1,14.72,S,2,0,Yes
245,1,3,"Clark, Mr. Edward",male,43,3,1,8.48,S,5,0,Yes
246,0,3,"Johnson, Mr. John",male,26,3,2,11.44,S,6,0,No
247,0,3,"Lewis, Mr. Robert",male,69,1,1,9.89,S,3,0,No
248,1,3,"Johnson, Mrs. Florence",female,79,3,2,6.71,S,6,0,Yes
249,0,3,"Walker, Mr. Edward",male,41,0,0,9.58,S,1,1,No
250,0,3,"Walker, Mrs. Emma",female,74,3,1,7.79,S,5,0,No
251,0,2,"Taylor, Miss. Elizabeth",female,24,2,1,30.49,C,4,0,No
252,0,3,"Taylor, Miss. Anna",female,65,3,1,15.27,S,5,0,No
253,1,3,"Lewis, Mr. Joseph",male,29,2,0,9.12,S,3,0,Yes
254,1,3,"Lewis, Mrs. Grace",female,15,0,1,16.63,C,2,0,Yes
255,0,3,"Brown, Mr. Thomas",male,14,1,1,18.12,S,3,0,No
256,0,3,"Clark, Mr. William",male,31,1,2,13.82,S,4,0,No
257,0,3,"White, Mr. Charles",male,27,0,2,10.26,S,3,0,No
258,0,3,"Taylor, Miss. Emma",female,66,0,0,19.44,C,1,1,No
259,0,1,"Clark, Mr. Edward",male,42,1,2,71.42,S,4,0,No
260,0,1,"Lewis, Miss. Alice",female,12,3,2,99.98,S,6,0,No
261,1,3,"Walker, Mr. Edward",male,12,3,2,14.96,S,6,0,Yes
262,0,3,"Taylor, Mr. Joseph",male,28,3,1,9.84,S,5,0,No
263,1,3,"Lewis, Mrs. Sarah",female,7,0,0,14.39,C,1,1,Yes
264,0,3,"Johnson, Mr. John",male,55,1,2,18.64,C,4,0,No
265,1,2,"Clark, Mrs. Anna",female,48,1,0,24.91,S,2,0,Yes
266,0,1,"Smith, Mr. Henry",male,62,0,0,87.49,S,1,1,No
267,0,3,"Brown, Mr. John",male,55,1,1,6.06,S,3,0,No
268,1,2,"Brown, Mrs. Grace",female,39,1,1,34.34,C,3,0,Yes
269,1,3,"Clark, Mr. Joseph",male,22,3,1,15.84,S,5,0,Yes
270,1,3,"White, Miss. Emma",female,12,0,0,16.29,S,1,1,Yes
271,1,2,"Smith, Mr. Charles",male,11,1,2,30.02,C,4,0,Yes
272,0,3,"Wilson, Mr. Thomas",male,66,1,2,10.88,S,4,0,No
273,1,1,"Taylor, Miss. Clara",female,64,0,2,111.1,S,3,0,Yes
274,1,2,"Smith, Mrs. Clara",female,23,3,0,15.42,S,4,0,Yes
275,1,3,"Johnson, Mrs. Anna",female,65,3,1,15.53,S,5,0,Yes
276,1,1,"Johnson, Mrs. Clara",female,27,1,2,66.14,S,4,0,Yes
277,1,1,"Taylor, Mr. John",male,12,3,0,76.27,S,4,0,Yes
278,0,3,"Johnson, Mr. William",male,2,1,1,19.3,S,3,0,No
279,1,1,"Hall, Miss. Anna",female,35,0,0,66.8,S,1,1,Yes
280,1,2,"Hall, Mrs. Anna",female,47,0,1,36.48,S,2,0,Yes
281,0,3,"Taylor, Mr. William",male,1,0,0,8.67,S,1,1,No
282,0,3,"Brown, Mr. Joseph",male,54,1,1,8.72,Q,3,0,No
283,0,1,"Lewis, Mrs. Margaret",female,7,1,0,104.35,Q,2,0,No
284,0,2,"Lewis, Mrs. Alice",female,71,3,0,24.22,S,4,0,No
285,1,3,"Smith, Miss. Alice",female,26,1,0,5.1,S,2,0,Yes
286,0,3,"Smith, Mr. William",male,49,2,0,8.08,Q,3,0,No
287,1,1,"Walker, Mrs. Emma",female,30,3,2,111.65,S,6,0,Yes
288,1,1,"Clark, Miss. Alice",female,73,0,1,93,S,2,0,Yes
289,1,2,"Taylor, Mrs. Sarah",female,30,0,0,18.4,C,1,1,Yes
290,0,2,"Taylor, Mrs. Margaret",female,16,2,0,26.3,S,3,0,No
291,0,2,"Smith, Mr. Charles",male,42,1,0,32.78,Q,2,0,No
292,1,3,"Lewis, Mrs. Anna",female,23,0,1,17.82,S,2,0,Yes
293,0,1,"Brown, Mr. Joseph",male,8,1,0,55.85,S,2,0,No
294,0,3,"White, Mrs. Anna",female,10,0,0,7.97,S,1,1,No
295,0,3,"Clark, Mr. Edward",male,7,1,2,11.5,C,4,0,No
296,0,2,"Hall, Mr. George",male,24,2,1,26.15,S,4,0,No
297,1,2,"Walker, Mrs. Mary",female,71,3,0,17.19,S,4,0,Yes
298,1,3,"Clark, Miss. Margaret",female,46,3,2,16.72,S,6,0,Yes
299,1,1,"Lewis, Mr. Robert",male,77,1,0,111.66,C,2,0,Yes
300,1,3,"Wilson, Mrs. Florence",female,30,1,0,8.72,S,2,0,Yes
301,1,2,"White, Mrs. Florence",female,23,1,0,29.81,C,2,0,Yes
302,1,3,"Wilson, Mr. Joseph",male,25,3,2,9.64,S,6,0,Yes
303,1,1,"Taylor, Mr. Henry",male,62,0,1,113.43,S,2,0,Yes
304,0,1,"White, Mr. Edward",male,76,1,0,107.72,C,2,0,No
305,0,2,"Lewis, Mr. Henry",male,42,1,0,33.31,S,2,0,No
306,0,3,"Johnson, Mr. William",male,72,2,0,14.98,C,3,0,No
307,0,3,"Hall, Mr. George",male,74,3,2,5.49,S,6,0,No
308,0,3,"Brown, Mr. Henry",male,19,2,2,6.17,S,5,0,No
309,1,1,"Smith, Mrs. Clara",female,27,1,2,45.42,S,4,0,Yes
310,1,3,"Hall, Miss. Elizabeth",female,22,3,1,18.23,S,5,0,Yes
311,1,2,"Taylor, Mr. Edward",male,5,2,0,22.97,Q,3,0,Yes
312,0,3,"Smith, Mr. Edward",male,71,0,1,13.91,S,2,0,No
313,1,3,"Walker, Mr. Robert",male,56,1,0,6.52,S,2,0,Yes
314,0,3,"Smith, Mrs. Alice",female,39,1,0,5.74,S,2,0,No
315,0,2,"Brown, Mr. Thomas",male,38,3,0,17.42,S,4,0,No
316,0,2,"Clark, Mr. William",male,51,3,1,37.37,S,5,0,No
317,1,3,"Hall, Miss. Mary",female,48,1,1,5.67,S,3,0,Yes
318,0,3,"Hall, Mr. George",male,13,0,2,10.16,S,3,0,No
319,0,3,"Wilson, Mr. Thomas",male,67,3,2,15.31,Q,6,0,No
320,1,1,"Wilson, Mrs. Elizabeth",female,5,1,0,115.94,S,2,0,Yes
321,0,1,"Johnson, Mr. Henry",male,11,3,0,119.78,S,4,0,No
322,0,1,"Smith, Mr. Joseph",male,72,3,2,66.09,S,6,0,No
323,0,1,"Hall, Mrs. Anna",female,20,1,2,87.03,C,4,0,No
324,1,3,"Taylor, Mrs. Margaret",female,45,3,1,10.75,S,5,0,Yes
325,1,1,"Lewis, Mrs. Margaret",female,78,3,0,71.66,C,4,0,Yes
326,1,1,"Taylor, Mrs. Margaret",female,39,2,1,107.43,C,4,0,Yes
327,1,3,"Clark, Mrs. Sarah",female,42,2,2,11.25,S,5,0,Yes
328,1,3,"Taylor, Mrs. Elizabeth",female,66,1,0,9.67,S,2,0,Yes
329,1,3,"White, Mr. Thomas",male,32,0,1,5.76,S,2,0,Yes
330,1,3,"Hall, Miss. Grace",female,16,0,0,10.59,S,1,1,Yes
331,0,2,"Wilson, Mrs. Elizabeth",female,34,0,1,15.69,S,2,0,No
332,0,2,"Hall, Mr. James",male,53,0,2,15.22,Q,3,0,No
333,0,2,"Wilson, Mr. Thomas",male,40,2,1,37.39,C,4,0,No
334,0,3,"Walker, Miss. Florence",female,80,3,2,6.53,S,6,0,No
335,1,2,"Johnson, Miss. Margaret",female,14,3,0,23.41,S,4,0,Yes
336,1,1,"Smith, Mr. Thomas",male,31,0,2,72.33,S,3,0,Yes
337,0,2,"White, Mrs. Elizabeth",female,54,3,1,33.42,S,5,0,No
338,1,3,"Lewis, Mrs. Emma",female,46,2,0,17.61,C,3,0,Yes
339,1,3,"Johnson, Mrs. Clara",female,72,1,2,18.49,S,4,0,Yes
340,0,2,"Lewis, Mrs. Elizabeth",female,75,2,1,36.28,S,4,0,No
341,1,3,"Wilson, Mr. Henry",male,49,2,1,5.81,C,4,0,Yes
342,1,3,"Taylor, Miss. Alice",female,59,1,1,17.94,S,3,0,Yes
343,0,1,"Brown, Mr. William",male,36,1,0,86.1,S,2,0,No
344,1,3,"Smith, Miss. Alice",female,52,3,1,10.75,S,5,0,Yes
345,1,1,"Clark, Mr. Robert",male,1,1,0,95.48,S,2,0,Yes
346,1,1,"Taylor, Miss. Alice",female,6,2,1,76.47,S,4,0,Yes
347,0,2,"Smith, Mrs. Florence",female,25,1,1,15.48,S,3,0,No
348,1,1,"Smith, Mr. John",male,5,3,2,60.46,S,6,0,Yes
349,0,1,"Taylor, Mr. George",male,15,3,1,70.42,S,5,0,No
350,0,2,"Brown, Mr. Robert",male,13,2,2,30.14,S,5,0,No
351,0,2,"Wilson, Mr. Henry",male,14,3,0,30.23,C,4,0,No
352,1,2,"Brown, Mrs. Anna",female,6,3,0,32.21,S,4,0,Yes
353,1,1,"Johnson, Miss. Margaret",female,12,0,2,97.89,Q,3,0,Yes
354,1,1,"Brown, Mrs. Mary",female,23,0,1,68.82,S,2,0,Yes
355,0,3,"Brown, Mr. Henry",male,22,2,1,18.42,Q,4,0,No
356,0,1,"Taylor, Miss. Anna",female,52,3,1,61.75,S,5,0,No
357,0,3,"Lewis, Mr. William",male,8,1,0,11.24,S,2,0,No
358,0,3,"Lewis, Miss. Anna",female,79,0,2,18.2,C,3,0,No
359,1,2,"White, Mrs. Grace",female,9,2,2,22.86,C,5,0,Yes
360,1,2,"Walker, Mr. Joseph",male,32,3,1,31.59,S,5,0,Yes
361,0,1,"Wilson, Mr. Henry",male,21,3,1,109.55,S,5,0,No
362,1,1,"Brown, Miss. Sarah",female,29,3,1,105.37,S,5,0,Yes
363,1,2,"Hall, Mrs. Florence",female,64,0,0,25.09,S,1,1,Yes
364,1,3,"Wilson, Mrs. Sarah",female,72,1,2,15.07,Q,4,0,Yes
365,1,3,"Smith, Mrs. Alice",female,80,3,2,14.86,C,6,0,Yes
366,1,3,"Brown, Miss. Margaret",female,38,2,2,6.59,C,5,0,Yes
367,1,1,"Clark, Mr. James",male,51,1,1,105.96,S,3,0,Yes
368,0,3,"Smith, Mr. Robert",male,58,3,2,13.84,S,6,0,No
369,0,3,"Taylor, Mr. William",male,56,3,2,16.72,Q,6,0,No
370,0,2,"Wilson, Mr. Charles",male,77,2,2,37.03,S,5,0,No
371,0,3,"Walker, Miss. Alice",female,38,3,0,7.07,S,4,0,No
372,0,2,"Taylor, Mr. Robert",male,80,2,2,23.63,S,5,0,No
373,1,3,"Clark, Miss. Mary",female,46,3,2,13.56,S,6,0,Yes
374,0,1,"Johnson, Mr. Charles",male,19,0,2,44.53,S,3,0,No
375,1,3,"Walker, Mr. George",male,38,1,2,5.48,C,4,0,Yes
376,0,2,"Walker, Miss. Mary",female,37,0,1,24.69,Q,2,0,No
377,0,3,"Hall, Mr. Robert",male,26,3,0,18.67,C,4,0,No
378,1,3,"Taylor, Mr. Robert",male,25,2,1,7.66,S,4,0,Yes
379,0,2,"Smith, Mr. Henry",male,55,2,2,21.61,S,5,0,No
380,0,3,"Lewis, Miss. Florence",female,20,0,0,18.93,S,1,1,No
381,1,1,"Brown, Miss. Alice",female,41,1,0,81.65,C,2,0,Yes
382,0,3,"Lewis, Mr. Robert",male,43,2,1,9.4,Q,4,0,No
383,0,1,"Smith, Mr. Henry",male,45,3,0,112.36,S,4,0,No
384,0,3,"Walker, Miss. Grace",female,15,3,1,13.1,S,5,0,No
385,1,2,"Brown, Mrs. Elizabeth",female,38,1,1,27.85,Q,3,0,Yes
386,0,3,"Clark, Mr. John",male,55,0,0,13.07,C,1,1,No
387,1,1,"Brown, Mr. Joseph",male,43,0,0,45.86,S,1,1,Yes
388,1,3,"Brown, Mr. Robert",male,53,3,1,14.45,S,5,0,Yes
389,1,3,"Walker, Mr. John",male,80,0,2,13.78,C,3,0,Yes
390,1,3,"Lewis, Mrs. Emma",female,39,0,1,16.48,S,2,0,Yes
391,0,1,"White, Mr. James",male,51,2,2,51.53,S,5,0,No
392,1,1,"White, Mr. George",male,1,3,2,83.8,S,6,0,Yes
393,1,3,"Taylor, Mrs. Florence",female,66,1,0,7.76,S,2,0,Yes
394,1,3,"Brown, Mr. George",male,71,3,2,13.24,S,6,0,Yes
395,1,3,"White, Mrs. Sarah",female,46,1,2,14.83,S,4,0,Yes
396,0,2,"Smith, Mrs. Alice",female,40,1,2,29.17,C,4,0,No
397,0,3,"Lewis, Mr. Thomas",male,56,2,1,7.01,C,4,0,No
398,1,3,"Walker, Mrs. Elizabeth",female,63,0,0,14.68,S,1,1,Yes
399,0,3,"Hall, Miss. Elizabeth",female,10,0,0,17.74,S,1,1,No
400,0,3,"Hall, Mr. Charles",male,70,3,2,16.63,S,6,0,No
401,1,2,"Hall, Mr. William",male,66,0,1,24.1,S,2,0,Yes
402,1,2,"Lewis, Mr. George",male,23,1,2,33.3,Q,4,0,Yes
403,0,2,"Lewis, Mr. Thomas",male,30,0,2,20.17,Q,3,0,No
404,1,1,"Johnson, Mr. Joseph",male,42,0,2,117.48,S,3,0,Yes
405,0,2,"Clark, Mr. George",male,49,2,2,31.33,C,5,0,No
406,0,2,"Taylor, Miss. Elizabeth",female,45,3,1,37.18,S,5,0,No
407,0,3,"Brown, Mr. George",male,36,1,0,7.8,S,2,0,No
408,1,3,"Smith, Miss. Elizabeth",female,15,3,2,12.18,S,6,0,Yes
409,0,1,"Smith, Mr. William",male,76,1,0,90.36,S,2,0,No
410,0,3,"Brown, Miss. Elizabeth",female,67,3,2,19.54,S,6,0,No
411,1,3,"Hall, Mrs. Grace",female,61,3,0,8.29,S,4,0,Yes
412,1,1,"Smith, Mrs. Elizabeth",female,44,3,2,87.25,S,6,0,Yes
413,1,3,"Brown, Mrs. Sarah",female,78,0,0,12.14,S,1,1,Yes
414,0,3,"Smith, Mr. Robert",male,70,0,2,14.74,S,3,0,No
415,0,2,"Clark, Mrs. Emma",female,62,3,1,29.73,C,5,0,No
416,1,2,"Smith, Mrs. Florence",female,30,0,1,29.96,S,2,0,Yes
417,1,3,"Clark, Mr. Joseph",male,49,1,2,17.06,S,4,0,Yes
418,1,2,"Clark, Mrs. Grace",female,69,3,2,24.14,S,6,0,Yes
419,1,1,"Taylor, Miss. Anna",female,72,3,1,119.08,S,5,0,Yes
420,0,2,"Hall, Mr. James",male,21,0,0,27.71,C,1,1,No
421,1,2,"Johnson, Mr. George",male,1,0,0,26.79,S,1,1,Yes
422,1,1,"Taylor, Mrs. Sarah",female,5,3,1,89.12,S,5,0,Yes
423,1,1,"Hall, Mrs. Emma",female,67,2,0,42.69,S,3,0,Yes
424,1,2,"Clark, Mr. Edward",male,1,1,0,39.92,C,2,0,Yes
425,0,3,"White, Mr. Henry",male,9,0,2,9.27,C,3,0,No
426,1,2,"Walker, Mrs. Anna",female,25,3,1,29.37,S,5,0,Yes
427,1,2,"Hall, Miss. Sarah",female,15,2,2,35.33,S,5,0,Yes
428,0,3,"Clark, Mr. George",male,59,3,2,17.93,S,6,0,No
429,0,3,"Johnson, Mr. John",male,53,2,2,13.03,C,5,0,No
430,1,3,"Taylor, Miss. Elizabeth",female,44,0,2,18.97,S,3,0,Yes
431,1,3,"Taylor, Miss. Anna",female,31,1,1,8.1,S,3,0,Yes
432,0,3,"White, Mr. Thomas",male,64,0,2,19.37,C,3,0,No
433,1,2,"Lewis, Miss. Grace",female,66,2,1,20.55,S,4,0,Yes
434,0,3,"Smith, Mr. James",male,51,1,1,19.65,S,3,0,No
435,0,2,"Wilson, Mr. Charles",male,13,2,1,30.32,S,4,0,No
436,0,3,"White, Miss. Clara",female,44,2,0,12.48,S,3,0,No
437,1,2,"Walker, Mrs. Clara",female,74,1,2,32.15,C,4,0,Yes
438,0,1,"Lewis, Miss. Margaret",female,20,3,0,54.13,S,4,0,No
439,1,3,"Lewis, Miss. Anna",female,73,0,1,6.48,S,2,0,Yes
440,1,3,"Clark, Mrs. Anna",female,34,2,1,13.41,Q,4,0,Yes
441,1,3,"White, Miss. Alice",female,78,1,2,13.64,S,4,0,Yes
442,0,3,"White, Mrs. Clara",female,58,0,1,14.2,S,2,0,No
443,1,3,"Hall, Miss. Clara",female,10,0,0,10.15,S,1,1,Yes
444,1,3,"Johnson, Mrs. Anna",female,47,3,1,7.51,C,5,0,Yes
445,1,1,"Clark, Mr. Robert",male,14,0,0,114.94,S,1,1,Yes
446,1,1,"Wilson, Mr. Charles",male,80,1,0,92.39,C,2,0,Yes
447,0,3,"Lewis, Miss. Grace",female,17,1,0,5.53,S,2,0,No
448,1,3,"Walker, Miss. Grace",female,18,1,2,13.96,S,4,0,Yes
449,1,3,"Smith, Miss. Mary",female,62,1,0,11.63,S,2,0,Yes
450,0,2,"Smith, Mr. Edward",male,61,0,2,38.05,Q,3,0,No
451,1,3,"Clark, Mrs. Clara",female,1,2,0,11.18,S,3,0,Yes
452,0,2,"Johnson, Mr. Charles",male,55,1,2,34.11,Q,4,0,No
453,1,2,"Hall, Miss. Sarah",female,9,1,0,22.24,S,2,0,Yes
454,1,2,"Taylor, Mr. Thomas",male,20,0,2,15.55,Q,3,0,Yes
455,0,2,"Lewis, Mr. Henry",male,20,0,1,20.43,S,2,0,No
456,1,3,"Brown, Miss. Grace",female,5,2,0,17.65,Q,3,0,Yes
457,1,1,"Wilson, Miss. Mary",female,33,3,0,49.76,C,4,0,Yes
458,0,2,"Taylor, Mr. James",male,13,1,1,24.73,Q,3,0,No
459,1,2,"Brown, Mr. George",male,39,1,1,37.19,C,3,0,Yes
460,1,2,"Hall, Mrs. Sarah",female,22,2,2,17.99,C,5,0,Yes
461,0,2,"Smith, Mr. James",male,12,1,0,27.5,S,2,0,No
462,1,3,"Lewis, Miss. Elizabeth",female,69,0,0,12.32,S,1,1,Yes
463,0,3,"Johnson, Mr. Robert",male,46,1,1,18.48,S,3,0,No
464,1,1,"Brown, Mrs. Grace",female,24,2,1,98.59,S,4,0,Yes
465,0,2,"Taylor, Mr. James",male,34,2,1,15.02,S,4,0,No
466,0,3,"Walker, Mrs. Sarah",female,31,2,2,5.95,Q,5,0,No
467,0,3,"Smith, Mr. William",male,42,3,2,9.83,S,6,0,No
468,0,3,"Clark, Mr. Thomas",male,26,0,1,7.87,S,2,0,No
469,1,1,"Lewis, Mrs. Mary",female,29,0,0,114.42,S,1,1,Yes
470,1,3,"Johnson, Mrs. Anna",female,54,2,2,5.87,S,5,0,Yes
471,1,3,"Wilson, Mr. Joseph",male,13,0,2,8.47,S,3,0,Yes
472,0,3,"Lewis, Mr. Edward",male,72,3,2,6.58,S,6,0,No
473,0,1,"Lewis, Mr. Henry",male,24,3,2,67,S,6,0,No
474,0,3,"Hall, Mrs. Grace",female,42,2,1,16.46,S,4,0,No
475,0,2,"Smith, Mr. Charles",male,71,2,1,39.04,S,4,0,No
476,0,3,"Johnson, Mr. Robert",male,39,0,1,19.77,S,2,0,No
477,0,1,"Wilson, Mr. Charles",male,59,2,0,51.07,S,3,0,No
478,1,1,"Hall, Miss. Anna",female,52,1,2,46.18,S,4,0,Yes
479,1,1,"Clark, Miss. Anna",female,74,3,0,102.41,Q,4,0,Yes
480,0,3,"Smith, Mr. Henry",male,78,0,2,16.66,S,3,0,No
481,0,2,"Hall, Mr. Joseph",male,29,1,0,31.84,Q,2,0,No
482,0,2,"Smith, Mr. Robert",male,38,3,0,18.3,S,4,0,No
483,1,2,"Clark, Miss. Florence",female,52,3,2,18.26,S,6,0,Yes
484,0,3,"Hall, Mr. John",male,68,1,0,6.07,C,2,0,No
485,0,3,"Johnson, Mr. William",male,55,2,1,7.86,S,4,0,No
486,1,3,"Taylor, Miss. Anna",female,57,1,1,5.67,C,3,0,Yes
487,1,3,"Lewis, Mr. Thomas",male,32,1,1,5.21,S,3,0,Yes
488,0,2,"Hall, Mr. William",male,69,1,0,28.66,C,2,0,No
489,0,2,"Hall, Mr. Charles",male,68,0,1,19.26,S,2,0,No
490,0,2,"White, Mr. John",male,2,0,1,31.51,S,2,0,No
491,0,2,"Lewis, Mr. Joseph",male,50,1,1,27.71,C,3,0,No
492,1,1,"Walker, Mr. Charles",male,65,3,2,114.11,S,6,0,Yes
493,1,2,"Smith, Miss. Margaret",female,21,0,1,32.11,S,2,0,Yes
494,1,3,"Clark, Mrs. Grace",female,4,2,0,7.28,C,3,0,Yes
495,0,2,"Walker, Mr. William",male,74,1,1,39.26,Q,3,0,No
496,0,3,"Taylor, Mr. Edward",male,75,1,0,9.63,C,2,0,No
497,0,3,"Taylor, Mr. Henry",male,73,1,1,6.02,S,3,0,No
498,0,3,"Johnson, Mr. William",male,41,3,1,9.55,C,5,0,No
499,0,1,"Hall, Mr. George",male,24,0,2,89.36,S,3,0,No
500,0,3,"Lewis, Mr. Henry",male,46,0,2,16.7,S,3,0,No
501,0,3,"Smith, Mr. Charles",male,63,3,0,7.46,S,4,0,No
502,1,2,"White, Miss. Sarah",female,26,1,0,19.43,Q,2,0,Yes
503,0,2,"Hall, Mr. Robert",male,6,3,2,22.82,S,6,0,No
504,0,3,"Smith, Mr. Robert",male,58,3,0,18.17,S,4,0,No
505,0,3,"Lewis, Miss. Emma",female,7,1,1,11.59,C,3,0,No
506,1,2,"Taylor, Mrs. Florence",female,7,1,1,35.75,S,3,0,Yes
507,0,2,"Wilson, Mr. Thomas",male,42,3,0,19.47,S,4,0,No
508,0,2,"Walker, Mr. Edward",male,21,0,0,17.85,S,1,1,No
509,0,2,"Taylor, Mr. William",male,49,0,0,37.81,S,1,1,No
510,1,1,"Taylor, Mr. John",male,7,3,1,64.76,C,5,0,Yes
511,0,3,"Smith, Mr. Joseph",male,1,2,0,11.88,C,3,0,No
512,1,2,"Walker, Mrs. Margaret",female,76,3,1,25.25,S,5,0,Yes
513,1,1,"Hall, Mr. Joseph",male,19,0,2,67.92,S,3,0,Yes
514,1,2,"Lewis, Mrs. Florence",female,12,0,0,25.42,S,1,1,Yes
515,1,3,"Walker, Miss. Anna",female,12,2,1,10.53,S,4,0,Yes
516,1,2,"Brown, Mrs. Florence",female,16,2,1,28.18,S,4,0,Yes
517,0,2,"Hall, Mr. Henry",male,78,2,1,30.22,S,4,0,No
518,0,3,"Johnson, Mr. George",male,64,3,1,17.12,C,5,0,No
519,0,1,"Clark, Mr. James",male,60,0,2,107.85,C,3,0,No
520,0,2,"Johnson, Miss. Grace",female,28,0,2,20.03,S,3,0,No
521,0,3,"Wilson, Mrs. Alice",female,15,2,1,10.94,S,4,0,No
522,1,3,"Lewis, Miss. Clara",female,62,3,0,14.68,S,4,0,Yes
523,0,3,"White, Mr. John",male,39,2,2,13.04,S,5,0,No
524,0,2,"Clark, Mr. William",male,4,2,1,30.66,C,4,0,No
525,0,3,"Wilson, Mr. Henry",male,40,2,2,5.47,S,5,0,No
526,0,3,"Brown, Mrs. Sarah",female,39,1,2,9.53,S,4,0,No
527,0,3,"Johnson, Mr. Henry",male,65,1,0,10.1,S,2,0,No
528,0,3,"Walker, Mr. John",male,13,1,0,15.87,S,2,0,No
529,0,2,"Johnson, Mr. James",male,6,0,1,26.67,S,2,0,No
530,1,3,"Brown, Miss. Margaret",female,27,2,0,7.89,S,3,0,Yes
531,0,1,"Walker, Mr. Henry",male,15,0,2,84.77,S,3,0,No
532,1,1,"Smith, Miss. Emma",female,37,1,0,45.7,S,2,0,Yes
533,1,2,"Hall, Mr. Joseph",male,7,0,1,16.34,S,2,0,Yes
534,1,3,"Hall, Miss. Emma",female,40,2,0,15.69,S,3,0,Yes
535,0,3,"Lewis, Mr. George",male,60,0,1,9.66,S,2,0,No
536,0,1,"White, Mr. Thomas",male,79,2,1,71.37,S,4,0,No
537,1,1,"Hall, Miss. Florence",female,61,0,1,78.29,C,2,0,Yes
538,0,3,"Lewis, Mr. Edward",male,52,0,1,13.34,S,2,0,No
539,0,2,"Clark, Miss. Florence",female,32,1,1,24.6,S,3,0,No
540,0,3,"Brown, Miss. Florence",female,31,1,2,15.04,C,4,0,No
541,1,2,"White, Miss. Sarah",female,13,3,0,22.7,S,4,0,Yes
542,1,1,"Hall, Mr. Joseph",male,18,0,0,92.87,S,1,1,Yes
543,0,1,"White, Miss. Anna",female,41,2,2,103.55,S,5,0,No
544,0,3,"Smith, Mr. James",male,66,3,0,17.79,S,4,0,No
545,1,1,"Clark, Miss. Clara",female,37,0,0,74.54,S,1,1,Yes
546,0,3,"Taylor, Miss. Margaret",female,23,3,0,7.82,S,4,0,No
547,1,1,"Taylor, Mr. John",male,10,0,0,97.71,S,1,1,Yes
548,1,3,"Walker, Mr. Edward",male,54,3,2,14.07,S,6,0,Yes
549,0,2,"Walker, Mrs. Margaret",female,29,1,1,30.11,S,3,0,No
550,0,3,"Hall, Mrs. Sarah",female,74,2,0,19.67,S,3,0,No
551,0,1,"Wilson, Mr. Thomas",male,68,2,1,81.36,S,4,0,No
552,0,3,"Lewis, Mr. Thomas",male,70,2,2,5.79,S,5,0,No
553,1,3,"Hall, Mrs. Margaret",female,43,3,1,19.41,C,5,0,Yes
554,1,1,"Johnson, Mrs. Sarah",female,61,1,2,44.13,Q,4,0,Yes
555,0,1,"Smith, Mr. John",male,10,2,1,50.6,S,4,0,No
556,0,3,"Lewis, Mr. William",male,20,3,1,17.12,S,5,0,No
557,0,2,"Clark, Mr. Edward",male,11,1,2,38.35,S,4,0,No
558,0,3,"Brown, Mr. James",male,22,1,2,16.02,S,4,0,No
559,0,2,"Clark, Mr. Edward",male,61,2,1,33.65,C,4,0,No
560,1,2,"Walker, Miss. Mary",female,68,3,0,22.22,C,4,0,Yes
561,0,3,"Johnson, Mr. John",male,46,3,2,18.77,C,6,0,No
562,1,3,"Walker, Mrs. Alice",female,51,3,2,16.24,C,6,0,Yes
563,1,2,"Lewis, Mr. Henry",male,2,0,0,15.3,S,1,1,Yes
564,0,3,"Wilson, Mr. Joseph",male,33,1,0,5.36,S,2,0,No
565,0,3,"Hall, Mr. William",male,16,0,2,6.95,S,3,0,No
566,0,3,"Johnson, Mr. Edward",male,33,2,1,14.91,S,4,0,No
567,1,2,"Taylor, Miss. Sarah",female,10,2,0,24.57,S,3,0,Yes
568,0,2,"Clark, Mr. George",male,26,3,0,31.14,S,4,0,No
569,0,3,"Lewis, Mr. James",male,34,0,0,6.09,S,1,1,No
570,1,1,"Hall, Miss. Mary",female,1,0,2,71.24,S,3,0,Yes
571,1,2,"Brown, Miss. Florence",female,52,0,2,20.65,S,3,0,Yes
572,1,2,"Brown, Miss. Sarah",female,39,3,0,30.81,Q,4,0,Yes
573,1,3,"White, Mrs. Sarah",female,23,0,1,14.91,S,2,0,Yes
574,0,3,"Wilson, Mr. Thomas",male,57,1,0,5.54,S,2,0,No
575,1,1,"Smith, Mrs. Alice",female,70,2,1,82.72,C,4,0,Yes
576,0,2,"Walker, Mr. William",male,6,3,0,20.29,S,4,0,No
577,0,3,"Smith, Mr. George",male,5,1,1,14.81,S,3,0,No
578,0,1,"Brown, Mr. John",male,7,2,0,76.49,S,3,0,No
579,0,3,"White, Miss. Anna",female,79,1,0,17.07,S,2,0,No
580,1,2,"Clark, Mr. William",male,28,0,2,19.34,S,3,0,Yes
581,0,3,"Taylor, Miss. Mary",female,57,1,2,5.61,S,4,0,No
582,1,1,"Taylor, Miss. Elizabeth",female,1,1,0,96.54,S,2,0,Yes
583,0,3,"Hall, Mr. William",male,67,3,1,8.59,S,5,0,No
584,1,3,"Hall, Mrs. Alice",female,12,2,1,11.28,S,4,0,Yes
585,0,2,"Lewis, Mr. Thomas",male,27,2,0,19.84,C,3,0,No
586,1,1,"Hall, Mr. Thomas",male,6,0,2,69.14,S,3,0,Yes
587,1,1,"Wilson, Mr. Thomas",male,7,1,0,102.84,S,2,0,Yes
588,1,2,"Clark, Mrs. Elizabeth",female,42,1,0,23.15,S,2,0,Yes
589,0,2,"Clark, Mr. Henry",male,63,0,1,18.62,Q,2,0,No
590,0,2,"Smith, Mr. Charles",male,25,2,1,20.06,S,4,0,No
591,0,1,"Hall, Mr. William",male,60,3,1,53.7,S,5,0,No
592,0,3,"Wilson, Mr. Joseph",male,71,1,0,11.18,S,2,0,No
593,1,3,"Hall, Miss. Elizabeth",female,36,0,2,11.42,C,3,0,Yes
594,0,3,"Smith, Mr. Edward",male,1,3,0,5.6,S,4,0,No
595,1,2,"Wilson, Miss. Emma",female,13,3,1,21.01,S,5,0,Yes
596,1,2,"Lewis, Mrs. Sarah",female,12,0,1,31.73,S,2,0,Yes
597,1,3,"Brown, Mr. Edward",male,52,1,1,14.4,C,3,0,Yes
598,1,3,"Brown, Mrs. Florence",female,38,3,1,15.47,S,5,0,Yes
599,1,3,"White, Miss. Emma",female,8,2,0,6.66,S,3,0,Yes
600,0,3,"Hall, Mr. George",male,27,1,1,8.58,S,3,0,No
601,0,2,"Walker, Mr. Robert",male,35,3,1,16.36,S,5,0,No
602,0,2,"Brown, Mr. George",male,69,2,1,30.52,C,4,0,No
603,1,1,"Taylor, Mrs. Sarah",female,51,1,1,116.66,S,3,0,Yes
604,0,3,"Lewis, Mr. Henry",male,67,0,1,11.25,S,2,0,No
605,1,2,"Clark, Miss. Florence",female,3,2,0,16.57,C,3,0,Yes
606,1,3,"Johnson, Miss. Florence",female,42,3,2,14.99,S,6,0,Yes
607,0,3,"Smith, Mr. William",male,40,1,1,8.4,S,3,0,No
608,1,2,"Taylor, Mrs. Elizabeth",female,22,1,2,28.38,S,4,0,Yes
609,0,1,"Smith, Mr. Henry",male,41,1,1,60.83,S,3,0,No
610,1,1,"Taylor, Miss. Sarah",female,58,1,2,64.12,Q,4,0,Yes
611,1,1,"Hall, Mrs. Sarah",female,70,2,2,96.44,S,5,0,Yes
612,1,3,"Lewis, Mrs. Alice",female,62,0,0,15.17,S,1,1,Yes
613,0,2,"Wilson, Mr. James",male,78,1,2,28.16,C,4,0,No
614,0,3,"Walker, Mr. James",male,58,0,2,10.92,S,3,0,No
615,1,2,"Walker, Miss. Anna",female,55,2,1,24.32,S,4,0,Yes
616,0,3,"Clark, Mr. Edward",male,57,3,1,9.33,C,5,0,No
617,0,3,"White, Mr. John",male,77,0,0,8.12,S,1,1,No
618,1,1,"Wilson, Mrs. Emma",female,53,2,1,53.99,S,4,0,Yes
619,1,2,"Wilson, Miss. Mary",female,63,0,1,35.86,S,2,0,Yes
620,0,1,"Lewis, Mr. George",male,39,3,0,92.31,C,4,0,No
621,0,1,"Clark, Mr. Charles",male,36,3,0,87.91,S,4,0,No
622,1,3,"Taylor, Mrs. Alice",female,16,2,2,15.99,S,5,0,Yes
623,1,3,"Smith, Miss. Margaret",female,18,2,0,5.79,S,3,0,Yes
624,0,3,"White, Miss. Margaret",female,10,1,2,7.75,S,4,0,No
625,1,3,"White, Miss. Sarah",female,47,0,2,13.7,C,3,0,Yes
626,1,2,"Clark, Mrs. Sarah",female,21,0,0,18.86,S,1,1,Yes
627,1,1,"Lewis, Mr. Joseph",male,17,0,1,67.86,S,2,0,Yes
628,0,1,"Wilson, Mrs. Margaret",female,39,0,2,105.17,S,3,0,No
629,1,2,"Lewis, Mr. Edward",male,11,3,2,34.08,S,6,0,Yes
630,1,1,"Smith, Mr. John",male,5,0,1,49.51,S,2,0,Yes
631,1,3,"Johnson, Mr. Joseph",male,27,1,0,15.06,S,2,0,Yes
632,1,2,"Walker, Mrs. Elizabeth",female,65,1,2,29.26,S,4,0,Yes
633,0,3,"Lewis, Mr. Henry",male,22,0,2,6.48,S,3,0,No
634,0,2,"Clark, Mr. John",male,14,1,1,39.53,S,3,0,No
635,1,1,"Brown, Mrs. Alice",female,15,1,1,100.98,C,3,0,Yes
636,1,1,"Walker, Mrs. Clara",female,37,3,2,98.89,S,6,0,Yes
637,0,3,"Taylor, Miss. Mary",female,55,1,0,18.42,C,2,0,No
638,1,3,"Hall, Miss. Anna",female,51,3,2,14.88,S,6,0,Yes
639,1,1,"Clark, Mr. Thomas",male,26,2,0,87.6,Q,3,0,Yes
640,0,3,"Lewis, Miss. Grace",female,75,2,2,19.15,S,5,0,No
641,1,1,"Smith, Mrs. Anna",female,59,0,0,60.06,S,1,1,Yes
642,1,3,"Hall, Mr. Joseph",male,64,0,0,10.74,S,1,1,Yes
643,0,3,"Johnson, Mr. Robert",male,67,3,1,8.03,S,5,0,No
644,1,3,"White, Miss. Clara",female,70,0,0,19.86,C,1,1,Yes
645,0,2,"Lewis, Mrs. Clara",female,5,1,2,31.49,C,4,0,No
646,0,2,"Walker, Mr. Joseph",male,50,3,0,29.22,S,4,0,No
647,1,2,"Johnson, Miss. Alice",female,21,0,1,21.58,S,2,0,Yes
648,1,1,"White, Mr. Edward",male,6,1,1,67.91,C,3,0,Yes
649,1,2,"Johnson, Mr. Joseph",male,46,3,1,16.41,S,5,0,Yes
650,0,3,"Lewis, Mr. Edward",male,9,2,0,10.06,S,3,0,No
651,1,2,"Brown, Miss. Elizabeth",female,61,0,1,24.44,S,2,0,Yes
652,1,2,"Walker, Mrs. Elizabeth",female,44,1,2,22.49,Q,4,0,Yes
653,1,2,"Hall, Mrs. Alice",female,39,3,0,30.61,Q,4,0,Yes
654,1,1,"Walker, Miss. Margaret",female,68,3,1,56.78,C,5,0,Yes
655,1,3,"Smith, Mrs. Grace",female,41,1,1,11.03,S,3,0,Yes
656,0,3,"Clark, Mr. Joseph",male,28,3,1,19.06,S,5,0,No
657,0,3,"Clark, Mr. Edward",male,47,3,0,8.61,C,4,0,No
658,1,3,"Clark, Mrs. Elizabeth",female,9,1,1,9,S,3,0,Yes
659,1,1,"Smith, Mr. George",male,4,1,1,77.13,S,3,0,Yes
660,0,2,"Lewis, Mr. James",male,4,2,1,31.47,S,4,0,No
661,0,3,"White, Mr. John",male,11,2,2,9.47,S,5,0,No
662,1,3,"Lewis, Miss. Anna",female,18,1,0,13.56,S,2,0,Yes
663,0,3,"Clark, Mr. George",male,41,2,2,16.06,C,5,0,No
664,1,1,"Walker, Mr. Henry",male,28,2,1,72.67,C,4,0,Yes
665,0,2,"Taylor, Mr. Henry",male,55,3,2,21.16,S,6,0,No
666,0,3,"Wilson, Mrs. Margaret",female,40,0,2,19.5,S,3,0,No
667,1,2,"Johnson, Miss. Margaret",female,47,0,2,36.67,C,3,0,Yes
668,0,3,"White, Mr. Edward",male,31,2,0,17.89,S,3,0,No
669,1,2,"Clark, Mr. John",male,11,3,1,33.42,Q,5,0,Yes
670,0,3,"White, Mr. Thomas",male,65,0,1,11.31,C,2,0,No
671,0,3,"White, Mr. Joseph",male,24,3,2,7.04,S,6,0,No
672,1,1,"Lewis, Mr. William",male,32,1,2,94.86,C,4,0,Yes
673,1,1,"Hall, Miss. Elizabeth",female,76,2,1,55.89,S,4,0,Yes
674,0,3,"Taylor, Mr. James",male,72,1,0,19.61,S,2,0,No
675,0,3,"Smith, Mrs. Grace",female,77,2,0,6.34,S,3,0,No
676,0,3,"Johnson, Miss. Sarah",female,59,3,0,8.37,S,4,0,No
677,1,1,"Smith, Mrs. Margaret",female,27,1,1,98.14,S,3,0,Yes
678,1,2,"Taylor, Miss. Alice",female,58,1,1,29.57,S,3,0,Yes
679,1,3,"White, Mrs. Elizabeth",female,50,3,2,13.96,S,6,0,Yes
680,1,3,"White, Miss. Emma",female,78,0,0,8.8,S,1,1,Yes
681,0,3,"Brown, Mr. Henry",male,34,1,2,12.39,S,4,0,No
682,0,1,"White, Miss. Clara",female,15,2,0,118.28,S,3,0,No
683,1,3,"Taylor, Miss. Grace",female,34,2,2,9.7,C,5,0,Yes
684,1,1,"Clark, Miss. Anna",female,20,0,0,54.65,S,1,1,Yes
685,0,1,"White, Mrs. Anna",female,46,3,1,79.44,C,5,0,No
686,0,3,"Hall, Mr. George",male,24,1,2,12.63,S,4,0,No
687,0,3,"Brown, Mr. Henry",male,74,1,1,18.81,S,3,0,No
688,0,2,"Taylor, Mr. James",male,16,3,1,29.76,Q,5,0,No
689,1,2,"Smith, Mr. Joseph",male,62,3,2,38.88,S,6,0,Yes
690,1,2,"Brown, Mrs. Grace",female,73,1,0,36.58,C,2,0,Yes
691,1,1,"Taylor, Mrs. Clara",female,33,1,0,117.2,C,2,0,Yes
692,0,2,"Hall, Miss. Emma",female,20,0,1,27.27,S,2,0,No
693,1,3,"Brown, Miss. Clara",female,48,1,1,11.68,S,3,0,Yes
694,1,3,"Taylor, Mrs. Sarah",female,56,3,0,5.61,S,4,0,Yes
695,0,2,"Johnson, Mr. George",male,56,0,1,22.51,Q,2,0,No
696,1,2,"Hall, Miss. Margaret",female,7,0,0,27.84,S,1,1,Yes
697,1,2,"Smith, Miss. Anna",female,11,0,0,33.51,S,1,1,Yes
698,1,3,"White, Miss. Emma",female,39,2,2,15.86,C,5,0,Yes
699,1,1,"Brown, Mr. James",male,78,2,2,48.51,S,5,0,Yes
700,0,3,"Hall, Mr. Joseph",male,59,3,2,19.49,S,6,0,No
701,1,3,"Wilson, Mrs. Mary",female,51,2,0,6.88,S,3,0,Yes
702,0,2,"Brown, Mr. Charles",male,19,1,1,36.05,C,3,0,No
703,1,1,"Lewis, Miss. Mary",female,55,0,0,53.29,S,1,1,Yes
704,1,3,"Clark, Mrs. Clara",female,26,2,2,17.44,S,5,0,Yes
705,1,3,"Wilson, Miss. Mary",female,77,2,0,12.31,S,3,0,Yes
706,0,2,"Lewis, Mr. Joseph",male,41,0,1,37.32,S,2,0,No
707,1,2,"Walker, Mrs. Elizabeth",female,56,0,0,22.2,S,1,1,Yes
708,1,3,"Lewis, Miss. Emma",female,60,1,1,15.84,S,3,0,Yes
709,0,2,"Clark, Mr. Thomas",male,12,3,0,19.33,S,4,0,No
710,1,2,"Walker, Mrs. Mary",female,72,0,0,23.97,S,1,1,Yes
711,0,2,"White, Mr. James",male,15,1,0,29.05,S,2,0,No
712,0,3,"Brown, Mrs. Florence",female,66,0,2,5.76,Q,3,0,No
713,0,3,"Taylor, Mr. Charles",male,6,0,0,14.45,C,1,1,No
714,1,3,"Lewis, Mrs. Clara",female,64,0,0,14.71,S,1,1,Yes
715,0,2,"Clark, Mr. Henry",male,61,2,1,27.63,S,4,0,No
716,0,1,"Lewis, Mr. Robert",male,68,3,0,51.04,S,4,0,No
717,1,3,"White, Miss. Clara",female,57,1,0,15.76,S,2,0,Yes
718,0,2,"Walker, Mr. Charles",male,51,0,2,38.06,S,3,0,No
719,1,2,"Walker, Miss. Florence",female,71,2,2,33.57,Q,5,0,Yes
720,0,3,"White, Mr. Edward",male,58,1,2,14.37,S,4,0,No
721,0,3,"Taylor, Mr. Robert",male,11,0,2,10.02,C,3,0,No
722,1,2,"Wilson, Miss. Margaret",female,66,2,2,23.52,S,5,0,Yes
723,1,3,"Lewis, Mrs. Margaret",female,15,0,1,8.9,S,2,0,Yes
724,0,2,"Hall, Mr. William",male,31,1,1,22.48,S,3,0,No
725,0,3,"Brown, Miss. Emma",female,32,0,1,12.75,S,2,0,No
726,1,3,"White, Mrs. Grace",female,11,0,0,11.37,S,1,1,Yes
727,0,3,"Clark, Miss. Emma",female,67,3,1,13.76,S,5,0,No
728,0,3,"Wilson, Mr. Thomas",male,63,3,0,19.52,S,4,0,No
729,1,1,"Smith, Miss. Grace",female,21,2,0,88.13,S,3,0,Yes
730,1,1,"Hall, Mr. Edward",male,40,2,1,63.52,S,4,0,Yes
731,1,3,"Walker, Mr. Henry",male,40,2,0,7.75,C,3,0,Yes
732,0,3,"Clark, Mr. Thomas",male,54,3,2,9.65,S,6,0,No
733,0,3,"Brown, Mr. Joseph",male,65,3,1,15.01,S,5,0,No
734,1,2,"Brown, Miss. Emma",female,51,2,2,16.15,S,5,0,Yes
735,0,3,"Hall, Mr. James",male,40,0,2,13.39,S,3,0,No
736,0,3,"Johnson, Mr. George",male,65,0,0,14.87,S,1,1,No
737,0,3,"Smith, Mr. Thomas",male,75,3,0,17.1,S,4,0,No
738,1,2,"Brown, Mr. John",male,24,3,0,36.49,S,4,0,Yes
739,0,2,"Smith, Mr. Joseph",male,24,2,0,18.86,Q,3,0,No
740,1,1,"Clark, Miss. Anna",female,8,2,1,47.9,S,4,0,Yes
741,0,2,"Johnson, Mr. James",male,77,1,1,27.72,S,3,0,No
742,0,2,"Johnson, Mrs. Grace",female,53,0,1,15.72,S,2,0,No
743,0,2,"Walker, Mr. George",male,72,1,1,29.21,S,3,0,No
744,0,2,"Smith, Mr. James",male,22,1,2,38.82,Q,4,0,No
745,0,3,"Johnson, Miss. Florence",female,80,2,2,19.58,S,5,0,No
746,1,3,"Walker, Mrs. Florence",female,49,2,2,8.19,C,5,0,Yes
747,0,2,"Wilson, Mr. Joseph",male,51,0,0,33.13,Q,1,1,No
748,0,3,"Wilson, Miss. Sarah",female,44,2,2,11.79,S,5,0,No
749,1,1,"Walker, Miss. Sarah",female,18,0,2,78.12,Q,3,0,Yes
750,0,3,"Hall, Miss. Alice",female,10,0,2,11.68,S,3,0,No
751,1,1,"Johnson, Mrs. Alice",female,2,0,1,69.64,S,2,0,Yes
752,0,1,"Smith, Mr. Charles",male,79,2,2,57.69,Q,5,0,No
753,1,3,"Hall, Miss. Grace",female,78,1,0,7.94,C,2,0,Yes
754,1,1,"Walker, Mrs. Margaret",female,25,1,0,87.05,C,2,0,Yes
755,0,3,"Smith, Mr. Henry",male,3,2,2,13.4,S,5,0,No
756,1,3,"Wilson, Mrs. Mary",female,53,2,0,15.2,S,3,0,Yes
757,1,3,"Wilson, Mrs. Clara",female,69,3,1,5.08,S,5,0,Yes
758,1,3,"Lewis, Mr. Edward",male,26,1,1,9.66,S,3,0,Yes
759,0,3,"Smith, Mr. Henry",male,43,2,0,6.62,S,3,0,No
760,1,3,"Smith, Mr. James",male,77,3,0,14.38,S,4,0,Yes
761,1,2,"Brown, Miss. Anna",female,9,1,0,37.98,S,2,0,Yes
762,0,3,"Hall, Mr. Joseph",male,38,3,1,6.44,C,5,0,No
763,0,2,"Smith, Mr. Thomas",male,60,3,2,30.48,S,6,0,No
764,0,3,"Hall, Mrs. Emma",female,14,0,0,13.93,S,1,1,No
765,1,2,"Hall, Miss. Clara",female,62,3,0,21.08,C,4,0,Yes
766,1,2,"Walker, Mrs. Florence",female,70,1,0,26.74,S,2,0,Yes
767,0,1,"Wilson, Mr. John",male,65,0,1,67.51,Q,2,0,No
768,1,1,"Hall, Miss. Margaret",female,61,3,2,95.39,C,6,0,Yes
769,1,2,"Lewis, Mrs. Florence",female,14,3,0,27.4,Q,4,0,Yes
770,1,2,"Smith, Mr. John",male,43,3,0,25.01,C,4,0,Yes
771,0,1,"Smith, Miss. Mary",female,15,1,1,75.23,S,3,0,No
772,0,1,"Taylor, Mr. George",male,23,1,1,97.51,S,3,0,No
773,0,1,"Brown, Mr. Henry",male,34,0,0,106.52,S,1,1,No
774,0,2,"Hall, Mr. Edward",male,31,2,1,31.52,Q,4,0,No
775,1,1,"Clark, Mr. George",male,17,1,0,82.6,S,2,0,Yes
776,0,3,"Johnson, Mr. William",male,76,1,2,9.41,S,4,0,No
777,1,2,"Lewis, Miss. Grace",female,11,3,2,30.37,S,6,0,Yes
778,1,1,"Wilson, Mrs. Elizabeth",female,48,3,2,116.46,S,6,0,Yes
779,0,2,"White, Mr. Charles",male,31,3,0,22.65,C,4,0,No
780,1,1,"Walker, Mr. Joseph",male,11,2,1,81.51,S,4,0,Yes
781,1,2,"Taylor, Mrs. Sarah",female,60,3,1,24.19,S,5,0,Yes
782,0,2,"Brown, Mr. Charles",male,10,2,0,22.36,S,3,0,No
783,0,1,"Johnson, Mr. Charles",male,10,2,0,83.68,S,3,0,No
784,1,1,"Johnson, Miss. Alice",female,78,1,2,99.19,Q,4,0,Yes
785,0,3,"Wilson, Miss. Elizabeth",female,75,0,1,14.81,Q,2,0,No
786,1,2,"Wilson, Mr. Edward",male,67,3,2,35.36,S,6,0,Yes
787,1,2,"Lewis, Mrs. Alice",female,58,0,1,18.47,C,2,0,Yes
788,1,2,"Taylor, Mrs. Emma",female,55,3,2,28.44,S,6,0,Yes
789,1,3,"Lewis, Mrs. Anna",female,78,3,1,8.06,S,5,0,Yes
790,1,3,"Smith, Miss. Emma",female,58,2,0,7.57,S,3,0,Yes
791,1,1,"Smith, Mr. Henry",male,50,2,0,58.64,S,3,0,Yes
792,0,1,"Brown, Mr. Edward",male,53,3,0,119.17,S,4,0,No
793,1,1,"Hall, Mr. Charles",male,27,2,1,105.43,S,4,0,Yes
794,1,3,"Clark, Mr. Joseph",male,59,2,0,5.11,S,3,0,Yes
795,1,3,"Lewis, Mr. Henry",male,73,3,1,11.94,S,5,0,Yes
796,1,2,"Taylor, Miss. Florence",female,23,3,0,19.49,S,4,0,Yes
797,1,2,"Brown, Mr. George",male,6,1,0,21.84,S,2,0,Yes
798,0,2,"Clark, Miss. Sarah",female,71,0,1,16.91,S,2,0,No
799,0,2,"Lewis, Mr. Edward",male,65,0,1,15.67,S,2,0,No
800,0,3,"Lewis, Miss. Sarah",female,25,3,0,5.16,S,4,0,No
801,1,1,"Taylor, Mrs. Mary",female,71,1,2,116,S,4,0,Yes
802,0,1,"Taylor, Mr. Thomas",male,16,3,0,46.21,C,4,0,No
803,1,1,"Clark, Mrs. Margaret",female,5,1,1,95.74,C,3,0,Yes
804,1,1,"Wilson, Mrs. Anna",female,1,0,1,101.37,Q,2,0,Yes
805,0,2,"Brown, Mr. William",male,2,2,0,32,S,3,0,No
806,0,1,"Walker, Mr. Edward",male,66,0,1,65.81,S,2,0,No
807,1,1,"Clark, Mrs. Elizabeth",female,28,0,1,65.87,S,2,0,Yes
808,1,2,"Brown, Miss. Grace",female,36,2,0,16.68,S,3,0,Yes
809,0,2,"Taylor, Mr. Henry",male,13,2,2,32.41,S,5,0,No
810,0,3,"Clark, Mr. Robert",male,41,3,0,10.03,S,4,0,No
811,0,3,"Clark, Mr. George",male,2,1,0,14.25,C,2,0,No
812,0,1,"Wilson, Mr. Joseph",male,48,3,1,56.16,S,5,0,No
813,1,3,"Johnson, Miss. Mary",female,43,1,1,9.76,C,3,0,Yes
814,0,3,"Wilson, Mr. George",male,43,2,0,8.09,S,3,0,No
815,1,3,"Smith, Mrs. Emma",female,24,3,2,5.09,C,6,0,Yes
816,0,1,"Taylor, Mr. George",male,23,1,0,80.59,S,2,0,No
817,0,2,"Johnson, Mr. Thomas",male,78,1,1,22.13,S,3,0,No
818,0,3,"Clark, Mr. William",male,47,3,1,7.52,S,5,0,No
819,1,1,"Walker, Mrs. Emma",female,49,3,0,100.71,Q,4,0,Yes
820,1,2,"Lewis, Mrs. Elizabeth",female,40,3,1,24.38,S,5,0,Yes
821,0,3,"Clark, Mr. Edward",male,1,0,2,15.96,S,3,0,No
822,1,2,"Wilson, Mrs. Clara",female,40,0,1,37.12,Q,2,0,Yes
823,0,3,"Wilson, Miss. Elizabeth",female,45,3,2,15.33,S,6,0,No
824,1,1,"Johnson, Mrs. Elizabeth",female,47,0,2,93.25,S,3,0,Yes
825,1,1,"Wilson, Mr. Edward",male,12,3,1,96.49,Q,5,0,Yes
826,0,3,"Johnson, Mr. Edward",male,33,2,2,19.52,S,5,0,No
827,0,1,"Johnson, Mr. James",male,74,2,0,61.52,S,3,0,No
828,0,3,"Johnson, Mr. Edward",male,1,0,0,16.61,S,1,1,No
829,1,1,"Hall, Mr. George",male,24,1,0,78.92,S,2,0,Yes
830,0,2,"Hall, Mr. John",male,24,1,1,39.57,C,3,0,No
831,0,1,"Lewis, Mr. Thomas",male,11,3,0,62.14,S,4,0,No
832,1,1,"Walker, Mr. James",male,35,0,2,86.6,Q,3,0,Yes
833,1,3,"White, Miss. Elizabeth",female,35,3,1,16.35,S,5,0,Yes
834,1,3,"Taylor, Miss. Mary",female,49,0,1,18.1,C,2,0,Yes
835,0,3,"Walker, Mr. Edward",male,36,1,1,11.78,S,3,0,No
836,0,1,"White, Mr. Thomas",male,42,0,2,68.82,S,3,0,No
837,0,3,"Brown, Mr. Edward",male,52,0,1,11.42,Q,2,0,No
838,0,3,"Taylor, Miss. Sarah",female,19,0,0,12.47,S,1,1,No
839,0,2,"Brown, Mr. John",male,70,1,0,20.29,C,2,0,No
840,1,3,"Lewis, Miss. Anna",female,4,1,1,18.54,C,3,0,Yes
841,0,3,"Hall, Mr. John",male,63,0,2,9.99,S,3,0,No
842,1,2,"White, Mrs. Florence",female,49,3,0,20.59,S,4,0,Yes
843,0,3,"Smith, Mr. Charles",male,15,2,0,17.8,Q,3,0,No
844,0,3,"Taylor, Mr. Robert",male,25,3,1,9.79,S,5,0,No
845,0,1,"Lewis, Mr. Thomas",male,2,3,1,51.58,Q,5,0,No
846,0,3,"Johnson, Mr. Joseph",male,19,0,2,9.8,S,3,0,No
847,0,3,"Taylor, Miss. Elizabeth",female,28,3,1,15.56,S,5,0,No
848,0,3,"Taylor, Mr. James",male,7,1,1,15.91,S,3,0,No
849,1,2,"Walker, Mrs. Clara",female,61,2,1,24.78,S,4,0,Yes
850,0,1,"Lewis, Mr. Thomas",male,75,0,2,64.33,S,3,0,No
851,1,3,"Taylor, Mrs. Clara",female,27,1,2,7.93,S,4,0,Yes
852,0,3,"Walker, Mrs. Alice",female,22,0,0,10.33,S,1,1,No
853,1,3,"Clark, Mrs. Anna",female,52,1,0,6.78,S,2,0,Yes
854,1,3,"Brown, Mrs. Sarah",female,49,2,2,14.8,S,5,0,Yes
855,0,1,"Clark, Mr. Thomas",male,74,3,1,95.5,S,5,0,No
856,0,2,"Clark, Mrs. Mary",female,17,0,1,16.59,Q,2,0,No
857,0,3,"Wilson, Mrs. Anna",female,69,3,0,12.78,S,4,0,No
858,1,3,"Hall, Mr. George",male,24,0,2,11.71,S,3,0,Yes
859,1,1,"Walker, Mr. William",male,33,0,0,118.39,S,1,1,Yes
860,0,3,"Walker, Miss. Sarah",female,1,1,1,5.69,Q,3,0,No
861,1,3,"Smith, Mr. George",male,41,2,2,13.07,S,5,0,Yes
862,1,1,"Taylor, Mr. Joseph",male,39,1,0,88.17,S,2,0,Yes
863,1,1,"Clark, Miss. Emma",female,33,2,1,91.98,S,4,0,Yes
864,0,1,"Hall, Mr. William",male,35,1,2,69.77,S,4,0,No
865,1,3,"Walker, Mrs. Anna",female,41,3,1,5.39,S,5,0,Yes
866,1,1,"Smith, Miss. Anna",female,12,2,1,102.25,S,4,0,Yes
867,1,3,"Hall, Miss. Sarah",female,29,3,0,16.74,S,4,0,Yes
868,1,3,"White, Mr. Edward",male,74,2,2,9.07,S,5,0,Yes
869,0,2,"Taylor, Mr. William",male,69,3,1,29.81,S,5,0,No
870,0,2,"Hall, Mr. Edward",male,35,0,2,30.98,S,3,0,No
871,1,1,"Johnson, Mrs. Anna",female,46,3,2,62.95,Q,6,0,Yes
872,0,2,"Hall, Mrs. Mary",female,41,0,2,16.99,C,3,0,No
873,0,3,"Taylor, Mr. Thomas",male,71,3,0,19.43,S,4,0,No
874,0,3,"Clark, Mrs. Grace",female,69,0,1,5.21,S,2,0,No
875,0,2,"Taylor, Mrs. Anna",female,68,0,2,26.22,S,3,0,No
876,1,3,"White, Mrs. Elizabeth",female,66,2,0,11.34,S,3,0,Yes
877,0,2,"Wilson, Mr. Charles",male,62,2,1,20.33,C,4,0,No
878,0,3,"White, Mr. John",male,80,3,0,10.34,S,4,0,No
879,1,2,"Walker, Mr. Robert",male,24,3,1,15.22,S,5,0,Yes
880,0,2,"White, Mr. Charles",male,63,0,0,34.24,S,1,1,No
881,1,2,"White, Mrs. Clara",female,24,2,0,39.73,S,3,0,Yes
882,0,2,"White, Mr. James",male,26,0,0,22.12,S,1,1,No
883,0,3,"Taylor, Mr. Henry",male,62,2,0,11.32,S,3,0,No
884,1,3,"Walker, Miss. Mary",female,50,1,0,19.37,C,2,0,Yes
885,1,1,"Lewis, Mr. John",male,44,3,2,98.99,S,6,0,Yes
886,1,2,"Clark, Mrs. Elizabeth",female,20,1,0,22.03,S,2,0,Yes
887,1,3,"Brown, Mrs. Emma",female,14,1,0,19.89,S,2,0,Yes
888,0,1,"Clark, Miss. Grace",female,25,1,1,41.41,S,3,0,No
889,1,3,"Johnson, Mrs. Anna",female,30,1,1,11.39,S,3,0,Yes
890,1,2,"White, Mrs. Elizabeth",female,45,3,0,23,S,4,0,Yes
891,1,2,"Brown, Miss. Anna",female,78,0,1,19.62,Q,2,0,Yes
892,0,3,"Walker, Mr. Joseph",male,17,2,1,16.12,S,4,0,No
893,1,2,"Smith, Mrs. Florence",female,36,1,2,24.6,C,4,0,Yes
894,1,1,"Lewis, Mr. George",male,58,0,0,115.35,S,1,1,Yes
895,0,1,"Walker, Mr. Henry",male,25,3,2,96.93,C,6,0,No
896,0,2,"Taylor, Mrs. Florence",female,16,3,0,27.07,S,4,0,No
897,0,3,"Clark, Mrs. Sarah",female,17,2,0,19.34,S,3,0,No
898,1,1,"Taylor, Mr. James",male,66,3,2,102.35,S,6,0,Yes
899,0,3,"Johnson, Mr. George",male,76,0,2,11.83,C,3,0,No
900,1,3,"Johnson, Mrs. Emma",female,71,0,0,8.36,S,1,1,Yes
901,1,3,"White, Miss. Anna",female,7,1,0,13.02,S,2,0,Yes
902,1,3,"Wilson, Miss. Margaret",female,53,2,1,19.78,S,4,0,Yes
903,0,2,"Hall, Mr. Robert",male,3,0,2,33.64,S,3,0,No
904,0,3,"Clark, Mr. William",male,29,2,1,8.06,S,4,0,No
905,1,2,"Taylor, Mrs. Elizabeth",female,56,2,0,37.55,S,3,0,Yes
906,0,3,"Brown, Mrs. Emma",female,24,2,0,9.65,C,3,0,No
907,0,2,"Smith, Mr. Joseph",male,59,3,0,33.11,S,4,0,No
908,1,2,"Wilson, Mr. John",male,3,0,0,34.09,S,1,1,Yes
909,1,1,"Brown, Miss. Elizabeth",female,77,0,0,116.61,S,1,1,Yes
910,1,2,"Walker, Mr. Charles",male,73,3,0,22.68,S,4,0,Yes
911,0,1,"Taylor, Mr. James",male,6,0,2,63.74,S,3,0,No
912,0,1,"Clark, Mr. John",male,55,3,0,68.26,S,4,0,No
913,1,1,"Brown, Miss. Alice",female,15,1,0,116.52,S,2,0,Yes
914,1,3,"Clark, Mr. William",male,78,1,0,11.43,S,2,0,Yes
915,1,3,"Brown, Miss. Mary",female,37,2,0,9.07,S,3,0,Yes
916,0,3,"Lewis, Mr. John",male,19,2,0,10.86,C,3,0,No
917,0,3,"White, Mr. Henry",male,36,1,0,9.85,S,2,0,No
918,1,2,"Walker, Miss. Sarah",female,53,2,0,35.05,S,3,0,Yes
919,1,3,"Brown, Mrs. Elizabeth",female,30,3,0,13.71,S,4,0,Yes
920,1,1,"White, Miss. Emma",female,3,2,2,77.91,S,5,0,Yes
921,1,2,"Taylor, Mrs. Clara",female,71,3,0,20.27,S,4,0,Yes
922,1,3,"Hall, Mr. William",male,55,2,0,15.52,S,3,0,Yes
923,0,1,"Taylor, Mr. William",male,19,0,0,46.17,S,1,1,No
924,0,3,"Johnson, Mrs. Anna",female,68,2,1,11.17,S,4,0,No
925,1,1,"Lewis, Mr. Robert",male,5,1,2,52.83,S,4,0,Yes
926,1,3,"Walker, Mrs. Clara",female,65,2,2,8.41,Q,5,0,Yes
927,0,3,"Hall, Mr. John",male,52,0,0,10.88,C,1,1,No
928,1,2,"Brown, Miss. Anna",female,52,3,0,16.37,S,4,0,Yes
929,1,2,"Hall, Mr. James",male,43,0,0,22.06,S,1,1,Yes
930,1,1,"Smith, Miss. Mary",female,26,0,0,61.53,Q,1,1,Yes
931,1,1,"Clark, Miss. Alice",female,40,0,1,100.13,Q,2,0,Yes
932,0,3,"Taylor, Mr. James",male,13,2,1,18.45,S,4,0,No
933,0,2,"Wilson, Mrs. Elizabeth",female,5,2,0,18.79,S,3,0,No
934,0,3,"Clark, Mr. James",male,21,2,1,16.78,S,4,0,No
935,1,2,"Taylor, Mrs. Margaret",female,79,0,0,29.17,Q,1,1,Yes
936,1,2,"White, Mr. Henry",male,59,2,0,38.35,S,3,0,Yes
937,0,1,"Taylor, Mr. John",male,59,2,1,118.28,C,4,0,No
938,1,1,"Walker, Miss. Florence",female,37,3,1,108.56,Q,5,0,Yes
939,1,2,"Wilson, Mrs. Grace",female,53,3,1,36.94,Q,5,0,Yes
940,1,1,"Clark, Mr. Thomas",male,14,2,1,52.66,S,4,0,Yes
941,0,2,"Clark, Mr. Edward",male,60,3,0,17.15,C,4,0,No
942,0,2,"Lewis, Mr. John",male,9,2,1,39.91,S,4,0,No
943,1,2,"Smith, Miss. Alice",female,70,1,1,18.64,S,3,0,Yes
944,0,3,"Johnson, Miss. Emma",female,28,0,0,18.02,Q,1,1,No
945,0,1,"Walker, Mr. George",male,36,3,0,63.87,C,4,0,No
946,1,1,"Clark, Miss. Sarah",female,7,0,1,67.36,C,2,0,Yes
947,0,3,"Brown, Mrs. Florence",female,21,3,1,18.69,S,5,0,No
948,0,2,"White, Mr. John",male,41,0,0,37.41,Q,1,1,No
949,1,2,"Wilson, Mrs. Elizabeth",female,1,3,0,30.86,S,4,0,Yes
950,0,3,"White, Mrs. Alice",female,22,3,0,10.22,Q,4,0,No
951,0,2,"White, Mr. Henry",male,40,0,2,27.48,Q,3,0,No
952,1,3,"Walker, Mrs. Clara",female,43,0,0,11.88,S,1,1,Yes
953,0,2,"Brown, Mrs. Anna",female,56,2,2,30.51,Q,5,0,No
954,0,3,"Lewis, Mr. Robert",male,53,0,1,16.25,S,2,0,No
955,1,3,"Lewis, Mr. John",male,54,1,0,16.65,S,2,0,Yes
956,1,3,"Wilson, Miss. Grace",female,60,3,2,15.56,C,6,0,Yes
957,0,2,"Smith, Mrs. Mary",female,34,2,1,31.83,S,4,0,No
958,0,3,"Walker, Mr. Edward",male,67,2,1,7.56,S,4,0,No
959,0,3,"Taylor, Mr. Edward",male,51,0,2,11.44,Q,3,0,No
960,1,3,"Johnson, Miss. Grace",female,56,1,0,15.65,S,2,0,Yes
961,0,3,"Taylor, Mr. James",male,27,0,0,5.38,S,1,1,No
962,1,3,"Wilson, Mr. Charles",male,4,1,1,14.52,C,3,0,Yes
963,0,3,"Smith, Mr. Joseph",male,32,3,1,14.89,S,5,0,No
964,1,1,"Brown, Mr. Thomas",male,77,0,0,51.35,S,1,1,Yes
965,1,3,"Wilson, Mrs. Clara",female,27,3,0,12.37,S,4,0,Yes
966,0,3,"Brown, Mrs. Alice",female,58,1,0,9.48,Q,2,0,No
967,1,2,"Walker, Mrs. Mary",female,79,0,0,28.04,S,1,1,Yes
968,1,2,"Taylor, Mr. Charles",male,47,0,0,15.74,S,1,1,Yes
969,1,2,"Clark, Miss. Grace",female,12,2,2,28.79,S,5,0,Yes
970,1,3,"Brown, Miss. Florence",female,33,1,0,15.31,C,2,0,Yes
971,1,1,"Hall, Miss. Anna",female,27,3,1,110.63,S,5,0,Yes
972,1,2,"Walker, Mrs. Margaret",female,73,2,1,37.45,C,4,0,Yes
973,1,2,"White, Mrs. Elizabeth",female,68,2,1,15.75,S,4,0,Yes
974,0,2,"Smith, Mr. Henry",male,48,2,0,34.49,S,3,0,No
975,1,2,"Wilson, Mr. John",male,42,1,2,16.66,S,4,0,Yes
976,1,3,"Smith, Mrs. Sarah",female,10,3,2,16.34,S,6,0,Yes
977,1,1,"Wilson, Miss. Florence",female,36,3,0,49.93,S,4,0,Yes
978,0,2,"Walker, Mr. Robert",male,74,0,1,22.11,C,2,0,No
979,0,2,"Johnson, Mr. Henry",male,3,0,1,17.38,C,2,0,No
980,1,2,"Lewis, Miss. Anna",female,72,2,1,30.31,S,4,0,Yes
981,1,3,"Clark, Miss. Elizabeth",female,14,0,0,5.72,S,1,1,Yes
982,0,1,"Brown, Mr. James",male,48,0,2,109.44,S,3,0,No
983,1,1,"Taylor, Mrs. Alice",female,43,3,1,95.89,Q,5,0,Yes
984,0,3,"Lewis, Mr. Charles",male,53,3,2,6.84,S,6,0,No
985,1,3,"Wilson, Mrs. Anna",female,62,1,0,8.96,S,2,0,Yes
986,0,3,"Lewis, Mr. John",male,8,1,0,15.06,S,2,0,No
987,0,2,"Taylor, Mrs. Elizabeth",female,76,2,1,32.71,S,4,0,No
988,1,2,"Hall, Miss. Anna",female,58,1,1,19.7,S,3,0,Yes
989,1,2,"Lewis, Mr. Robert",male,14,0,0,15.41,S,1,1,Yes
990,1,2,"Smith, Miss. Sarah",female,16,0,1,25.79,S,2,0,Yes
991,1,2,"Hall, Mrs. Margaret",female,7,3,2,38.2,S,6,0,Yes
992,1,3,"Hall, Mrs. Margaret",female,14,0,2,8.73,S,3,0,Yes
993,0,1,"Clark, Mr. John",male,13,2,0,110.61,S,3,0,No
994,0,3,"Hall, Mr. Charles",male,35,3,0,7.57,S,4,0,No
995,1,1,"White, Mr. John",male,65,3,2,64.43,Q,6,0,Yes
996,1,1,"Johnson, Mr. John",male,59,1,0,93.28,S,2,0,Yes
997,1,3,"Brown, Mr. James",male,2,2,1,13.75,S,4,0,Yes
998,0,3,"Brown, Mr. Charles",male,38,1,2,12.55,C,4,0,No
999,1,2,"Johnson, Miss. Alice",female,45,2,2,27.16,S,5,0,Yes
1000,1,1,"White, Mrs. Sarah",female,67,0,0,118.29,C,1,1,Yes
